conf_probs,mv,em,mcmc
0.00,0.4332753,-0.005764893,-0.005764893
0.05,2.7468496,0.012501585,0.012501585
0.10,5.0055796,0.088799314,0.088799314
0.15,7.4360591,0.373973091,0.373973091
0.20,9.8805453,0.983375523,0.983375523
0.25,12.3540462,2.450812176,2.450812176
0.30,13.8381210,3.893342433,3.893342433
0.35,14.3579820,6.113679902,6.113679902
0.40,13.6245180,7.708273858,7.708273858