conf_probs,mv,em,mcmc
0.00,0.229507,-0.0000168832,-0.0000168832
0.05,1.988813,0.0000569955,0.0000569955
0.10,3.682380,0.0014354497,0.0014354497
0.15,5.432798,0.0397374513,0.0397374513
0.20,7.375418,0.1578474105,0.1578474105
0.25,9.281390,0.6983470710,0.6983470710
0.30,10.986728,1.2308638682,1.2308638682
0.35,11.796032,2.6561039111,2.6561039111
0.40,11.923955,4.7966897635,4.7966897635