conf_probs,mv,em,mcmc,avlog,inv,pinv,sums
0.00,0.00000000,0.000000000,0.000000000,0.000000000,0.00000000,0.000000000,0.00000000
0.05,0.00000000,0.000000000,0.000000000,0.000000000,0.00000000,0.000000000,0.00000000
0.10,0.00000000,0.000000000,0.000000000,0.000000000,0.00000000,0.000000000,0.00000000
0.15,0.01899937,-0.002111041,-0.002111041,-0.002111041,0.01688833,0.006333122,0.01055520
0.20,0.05568158,0.096927201,0.096927201,0.098989482,0.20829037,0.162920190,0.06599299
0.25,0.09178054,0.205996329,0.205996329,0.201917194,0.65878034,0.420150928,0.19579849
0.30,0.69202752,0.433023068,0.433023068,0.426952651,2.29866451,1.855524079,0.43504654
0.35,0.94681708,0.831990330,0.831990330,0.866236906,7.52618856,12.810233683,0.96494762
0.40,0.99035757,0.624748895,0.624748895,0.791482523,11.40016071,16.424266774,0.75733226