conf_probs,mv,em,mcmc,avlog,inv,pinv,sums
0.00,0.00000000,0.00000000,0.00000000,0.00000000,0.00000000,0.0000000,0.00000000
0.05,0.00000000,0.00000000,0.00000000,0.00000000,0.00000000,0.0000000,0.00000000
0.10,0.00000000,0.00000000,0.00000000,0.00000000,0.00000000,0.0000000,0.00000000
0.15,0.07998316,0.03788676,0.03788676,0.03788676,0.05472532,0.0420964,0.03788676
0.20,0.08825944,0.09031199,0.09031199,0.08415435,0.20730706,0.1744663,0.09031199
0.25,0.07960808,0.13676260,0.13676260,0.12247397,0.64298836,0.4817310,0.12247397
0.30,0.76128771,0.63778093,0.63778093,0.61348451,1.81615712,1.4193157,0.64790443
0.35,1.34367446,1.16236906,1.16236906,1.32755842,7.48186946,15.3404512,1.33360193
0.40,1.60282258,1.67338710,1.67338710,1.61491935,11.01612903,19.5100806,1.63104839