conf_probs,em,em_f,em_std,em_std_f,mcmc,mcmc_f,mcmc_std,mcmc_std_f,mv,mv_f
0.0,0.999542878898,0.999485229964,3.52714262055e-10,6.47457209204e-05,0.999523139462,0.999601313321,0.000128214661248,0.000183167206283,0.823693465068,0.828026218319
0.05,0.999473034005,0.999598049859,1.72934430337e-09,0.000146474486579,0.999513381995,0.999616603996,0.000124252005798,0.000164204508231,0.798111073735,0.825579569939
0.1,0.998546685597,0.999434678735,8.71421753777e-09,0.000172798669692,0.998601549053,0.999419104991,0.000248946571396,0.000193631669535,0.769892853586,0.819948649213
0.15,0.994621415877,0.998361146783,9.70372404959e-08,0.000412229818601,0.994728033473,0.998361227336,0.00030746733173,0.000409303503231,0.737930070326,0.812290661591
0.2,0.983790119684,0.993623874911,2.73123043015e-08,0.00181968374318,0.983464079273,0.993620974401,0.000734760978163,0.00187295795773,0.701678418473,0.800483871316
0.25,0.960164279927,0.984672401685,3.13551532932e-07,0.00102164838532,0.959975495201,0.984698114492,0.00135762876362,0.00107099853871,0.668697614996,0.79223807724
0.3,0.925295913187,0.964229337521,3.38074767032e-07,0.00249748289357,0.925669567564,0.9643122175,0.00104373363588,0.00251844783816,0.630157547915,0.768538757617
0.35,0.863044434962,0.924181233983,5.05711536617e-07,0.00385443255148,0.863315162528,0.924382529107,0.00174329818251,0.003984458399,0.594622179344,0.738201999691
0.4,0.785433005484,0.862515744064,5.51155296246e-06,0.00496114405479,0.785352112676,0.86242119383,0.00173090213104,0.00512032354102,0.558627060585,0.694872240878
