avlog,avlog_f,conf_probs,em,em_f,inv,inv_f,mcmc,mcmc_f,mv,mv_f,pinv,pinv_f,sums,sums_f
1.0,1.0,0.0,1.0,1.0,1.0,1.0,1.0,1.0,1.0,1.0,1.0,1.0,1.0,1.0
1.0,1.0,0.05,1.0,1.0,1.0,1.0,1.0,1.0,1.0,1.0,1.0,1.0,1.0,1.0
1.0,1.0,0.1,1.0,1.0,1.0,1.0,1.0,1.0,1.0,1.0,1.0,1.0,1.0,1.0
0.999579035992,0.999957903599,0.15,0.999579035992,0.999957903599,0.999410650389,0.999957903599,0.999473794991,0.999936855399,0.999158071985,0.999957903599,0.999536939592,0.999957903599,0.999579035992,0.999957903599
0.998214285714,0.999055829228,0.2,0.99815270936,0.999055829228,0.997003284072,0.99907635468,0.997619047619,0.999055829228,0.99815270936,0.999035303777,0.997331691297,0.99907635468,0.99815270936,0.999055829228
0.995427638294,0.996652378036,0.25,0.995305164319,0.996672790365,0.990202082058,0.996631965707,0.994366197183,0.996652378036,0.995917534191,0.996713615023,0.991814656052,0.996631965707,0.995448050623,0.996672790365
0.983397448876,0.989532293987,0.3,0.983194978741,0.989572788014,0.971390969832,0.989552541,0.98052237295,0.989572788014,0.981980157927,0.989593035027,0.975339137477,0.989532293987,0.983053249646,0.989532293987
0.95074536664,0.964020950846,0.35,0.95237711523,0.964000805802,0.889121676068,0.963940370669,0.940834004835,0.96404109589,0.950443190975,0.963879935536,0.810515713135,0.963920225624,0.950644641418,0.963980660757
0.891512096774,0.907661290323,0.4,0.890927419355,0.907661290323,0.79747983871,0.907641129032,0.874616935484,0.907802419355,0.891733870968,0.907762096774,0.712540322581,0.907641129032,0.891350806452,0.907661290323
