conf_probs,em,em_f,em_std,em_std_f,mcmc,mcmc_f,mcmc_std,mcmc_std_f,mv,mv_f
0.0,0.999999822378,0.999999653546,9.13622042086e-12,1.79647273169e-07,1.0,1.0,0.0,0.0,0.872244218561,0.874539288149
0.05,0.999997928313,0.999998498268,7.60805660212e-10,1.55336248469e-06,0.999994226328,1.0,1.73210161663e-05,0.0,0.847730332336,0.867618458398
0.1,0.999972812775,0.999987167272,1.78389581852e-08,3.43063981e-05,0.999967341607,0.999978227738,4.35445242761e-05,4.9886519649e-05,0.819095584272,0.855919383654
0.15,0.999446905798,0.999844280311,5.33110518611e-09,0.000125818403961,0.999413735343,0.999837730318,0.000118905116118,0.000135390673748,0.787511223911,0.841839203361
0.2,0.996622727998,0.998201202103,8.03105826389e-08,0.000504196467837,0.996500103242,0.998239727442,0.000390958005962,0.00049050717685,0.754042608103,0.827796785774
0.25,0.987040920866,0.994024391576,1.37971352347e-08,0.00167885610787,0.986923939641,0.994060970636,0.000449221234708,0.00173136619581,0.716580624981,0.809394526457
0.3,0.974258273889,0.986566912571,2.07066263442e-07,0.00133422457389,0.974347562209,0.986566862229,0.000625106799736,0.00131093852635,0.68430728322,0.794174560601
0.35,0.928557795823,0.955118834934,1.85301333495e-07,0.00230747804716,0.928630579681,0.955105029287,0.0016761247908,0.00240213823036,0.641979793952,0.759940114095
0.4,0.862887456591,0.910854354226,1.01157508655e-06,0.00299350868146,0.862392046596,0.910860614581,0.00178092285506,0.00280795596397,0.60146902221,0.720708573429
