G accuracy,error,number of iterations
0.923005871004,0.000662611143156,3
0.923883745784,0.000653757501695,5
0.924217199406,0.000576111949294,10
0.924826680454,0.000417234023437,30
0.924926612444,0.000406604210989,50
0.924955559091,0.000588625316618,100
