G accuracy,error,number of distinct values per object
0.808835837207,0.0,2
0.888869565217,0.0,4
0.920554776159,0.0,8
0.942226789001,0.0,16
0.948421129626,0.0,32
0.952913731049,0.0,64
0.955724622628,0.0,128
