G accuracy,error,number of distinct values per object
0.794045835414,0.0,2
0.866966474181,0.0,4
0.899372623839,0.0,8
0.917950746849,0.0,16
0.928781993002,0.0,32
0.930582928522,0.0,64
0.933627245903,0.0,128
