avlog,avlog_f,conf_probs,em,em_f,inv,inv_f,mcmc,mcmc_f,mv,mv_f,pinv,pinv_f,sums,sums_f
1.0,1.0,0.0,1.0,1.0,1.0,1.0,1.0,1.0,1.0,1.0,1.0,1.0,1.0,1.0
1.0,1.0,0.05,1.0,1.0,1.0,1.0,1.0,1.0,1.0,1.0,1.0,1.0,1.0,1.0
1.0,1.0,0.1,1.0,1.0,1.0,1.0,1.0,1.0,1.0,1.0,1.0,1.0,1.0,1.0
1.0,0.999978889593,0.15,1.0,0.999978889593,0.999810006333,0.999978889593,0.999831116741,1.0,0.999788895926,0.999978889593,0.99991555837,0.999978889593,0.999873337555,0.999978889593
0.997731491029,0.998721385853,0.2,0.997731491029,0.998700763044,0.996638482161,0.998721385853,0.997731491029,0.998638894617,0.998143947206,0.998700763044,0.997050938338,0.998680140235,0.998040833161,0.998700763044
0.993473383643,0.995492555578,0.25,0.993473383643,0.99553334693,0.988802773812,0.995390577198,0.992902304711,0.995614929635,0.99469712421,0.995614929635,0.991168672241,0.995370181522,0.993534570671,0.995492555578
0.980615135573,0.98488466208,0.3,0.980574666127,0.984904896803,0.961736139215,0.984722784298,0.976183731283,0.984823957912,0.977944152165,0.984864427357,0.966167543505,0.984722784298,0.980675839741,0.98502630514
0.950825946817,0.959488315874,0.35,0.951148267526,0.95946817083,0.883984689766,0.959246575342,0.941317485898,0.959387590653,0.950241740532,0.959709911362,0.831124093473,0.959226430298,0.949778404512,0.959427880741
0.902892728003,0.910807553234,0.4,0.904379268783,0.910626757734,0.796906388108,0.910907995179,0.887926878264,0.910606669345,0.900964242668,0.910867818401,0.746283648051,0.910526315789,0.903234230615,0.910807553234
