conf_probs,em,em_f,em_std,em_std_f,mcmc,mcmc_f,mcmc_std,mcmc_std_f,mv,mv_f
0.0,0.999886207336,0.999883812483,1.90862036177e-09,2.00711168819e-05,0.999893566698,0.999905392621,7.84442949469e-05,6.03006091958e-05,0.823515106912,0.825121064447
0.05,0.999666932991,0.999650802014,5.70768247416e-10,0.000284176018129,0.99971897482,0.999623426259,0.000106641557784,0.000301680236068,0.795353191452,0.813012000768
0.1,0.997731782311,0.998495198597,2.53983480267e-08,0.000181315583659,0.997635574837,0.998573752711,0.000261431036729,0.000254418744159,0.766855179327,0.802286348147
0.15,0.995304684167,0.997868617569,4.60029901102e-08,0.000598985391956,0.995345800251,0.997874007522,0.000315539872765,0.000615428623708,0.737269776489,0.790806662457
0.2,0.982980098297,0.991673349225,4.28417102458e-08,0.00107345578084,0.982987039704,0.991750668587,0.000830490891769,0.00112140437531,0.702801628318,0.773480147404
0.25,0.964327244859,0.981592631009,2.97612160086e-07,0.00235689194349,0.964039836568,0.981649642492,0.00142279836126,0.00239039595631,0.669548993808,0.754894687152
0.3,0.929290166934,0.959840243029,3.08569375486e-07,0.00150558072422,0.929092942851,0.959640024405,0.00140078709438,0.00143679092627,0.635042401037,0.732726653292
0.35,0.862373643327,0.910706806376,9.94196191245e-07,0.00400468706918,0.862046553809,0.91075675131,0.00192966545748,0.00401688316328,0.595250406817,0.689943974822
0.4,0.778061489872,0.843644434394,4.70279794556e-06,0.00321843625782,0.777517150928,0.843205205811,0.00263037281764,0.00328420823766,0.556274083045,0.643686745071
