conf_probs,em,em_f,em_std,em_std_f,mcmc,mcmc_f,mcmc_std,mcmc_std_f,mv,mv_f,sums,sums_f,sums_std,sums_std_f
0.0,0.999523922876,0.999547726732,1.11022302463e-16,7.14115686741e-05,0.999452511307,0.999476315163,0.000152419048737,0.000178131748954,0.999285884313,0.999357295882,0.999285884313,0.999309688169,1.11022302463e-16,7.14115686741e-05
0.05,0.999331997328,0.999510131374,1.11022302463e-16,0.000194117076087,0.999443331107,0.999465597862,0.000149369938377,0.000204078187261,0.999554664885,0.99953239813,0.999777332443,0.999621465153,1.11022302463e-16,0.000200400801603
0.1,0.999354144241,0.999418729817,0.0,0.000168143157716,0.999181916039,0.999289558665,0.000301399354144,0.000305219523762,0.999569429494,0.999375672766,0.999354144241,0.999504843918,0.0,0.000193756727664
0.15,0.997692469058,0.99786028949,1.11022302463e-16,0.000700788466058,0.997419760856,0.997797356828,0.000230753094189,0.000644867889614,0.997902244598,0.997881267044,0.997692469058,0.99786028949,1.11022302463e-16,0.000675203563643
0.2,0.992385264458,0.994258077794,1.11022302463e-16,0.00103905376097,0.990677094052,0.994216917061,0.00083876039812,0.00116219863375,0.992179460794,0.994134595596,0.992591068121,0.994216917061,0.0,0.00103086888548
0.25,0.979324462641,0.983848515865,1.11022302463e-16,0.00176915816719,0.974616171955,0.983357215967,0.00136096377798,0.00215877486234,0.978505629478,0.984237461617,0.980675537359,0.983868986694,0.000187618247491,0.00197583271435
0.3,0.951278928136,0.960556232237,0.0,0.00265780840171,0.941189606171,0.959358505887,0.00184957011448,0.00291479351941,0.949451887942,0.960393828664,0.950690215185,0.960373528218,0.000142103126269,0.0026496554769
0.35,0.904416212946,0.914156079855,0.0,0.00402706752177,0.884412179875,0.913631780601,0.00276611061899,0.00396191514338,0.908650937689,0.914357733414,0.90548497681,0.913994757007,0.000271297117303,0.00378362482284
0.4,0.850191185349,0.853773395049,9.85908529999e-05,0.00575033491985,0.813000603743,0.85282753069,0.00250842204884,0.00600989898198,0.842624270477,0.85433688871,0.845220366271,0.853974642785,0.000317563570901,0.00584048529594
