avlog,avlog_f,conf_probs,em,em_f,inv,inv_f,mcmc,mcmc_f,mv,mv_f,pinv,pinv_f,sums,sums_f
1.0,0.999952324195,0.0,1.0,0.999952324195,1.0,0.999952324195,0.999976162098,0.999928486293,1.0,0.999952324195,1.0,0.999952324195,1.0,0.999952324195
1.0,0.999819535303,0.05,1.0,0.99984209339,1.0,0.99984209339,1.0,0.99984209339,1.0,0.999887209565,1.0,0.99984209339,1.0,0.999819535303
0.999914566425,0.999594190517,0.1,1.0,0.999700982486,0.999765057668,0.999700982486,0.999423323366,0.999594190517,0.999786416062,0.999594190517,0.999850491243,0.999743699274,0.999572832123,0.999551473729
0.996931483817,0.997625052543,0.15,0.99684741488,0.997604035309,0.996532156368,0.997562000841,0.996868432114,0.997519966372,0.997477931904,0.99770912148,0.996931483817,0.997562000841,0.997246742329,0.997730138714
0.993769278223,0.994139420111,0.2,0.993214065392,0.994098293235,0.988443347728,0.993974912605,0.990849269998,0.993995476044,0.992802796628,0.994077729796,0.99140448283,0.993913222291,0.993214065392,0.994221673864
0.976996935649,0.981205311542,0.25,0.976506639428,0.981307456588,0.958120531154,0.981082737487,0.970704800817,0.980817160368,0.973442288049,0.981103166496,0.961450459653,0.981327885598,0.977528089888,0.981144024515
0.95068103273,0.958304533442,0.3,0.949684895304,0.958426509453,0.909026224842,0.957593006709,0.942163041269,0.957532018703,0.950396422037,0.958548485465,0.881805244968,0.957938605408,0.95289693027,0.958426509453
0.910256410256,0.920209973753,0.35,0.91078134464,0.920290732889,0.797637795276,0.918958207147,0.890510801534,0.91998788613,0.909549767817,0.920734908136,0.737593377751,0.919220674339,0.909085402786,0.920290732889
0.846551028641,0.856333198871,0.4,0.845441710367,0.856252521178,0.728822105688,0.855506252521,0.818253327955,0.855728116176,0.848931020573,0.856555062525,0.675594997983,0.855909640984,0.843263412666,0.856212182332
